{"cameraMode":{"drawMode":0,"name":"Shaded","section":"Shading Mode"},"sceneLighting":false,"audioPlay":false,"sceneViewState":{"m_AlwaysRefresh":false,"showFog":true,"showSkybox":false,"showFlares":true,"showImageEffects":true,"showParticleSystems":true,"showVisualEffectGraphs":true,"m_FxEnabled":true},"in2DMode":false,"pivot":{"x":1.6522624492645264,"y":-2.2630157470703127,"z":124.64532470703125},"rotation":{"x":0.6613277196884155,"y":-0.02316630817949772,"z":0.02043810300529003,"w":0.7494727373123169},"size":21.92843246459961,"orthographic":false}