{"cameraMode":{"drawMode":0,"name":"Shaded","section":"Shading Mode"},"sceneLighting":false,"audioPlay":false,"sceneViewState":{"m_AlwaysRefresh":false,"showFog":true,"showSkybox":false,"showFlares":true,"showImageEffects":true,"showParticleSystems":true,"showVisualEffectGraphs":true,"m_FxEnabled":true},"in2DMode":false,"pivot":{"x":-1.5770539045333863,"y":-4.723873138427734,"z":29.495052337646486},"rotation":{"x":0.5574067234992981,"y":-0.05048809200525284,"z":0.03398505598306656,"w":0.8280161619186401},"size":26.602344512939454,"orthographic":false}