{"cameraMode":{"drawMode":0,"name":"Shaded","section":"Shading Mode"},"sceneLighting":false,"audioPlay":false,"sceneViewState":{"m_AlwaysRefresh":false,"showFog":true,"showSkybox":false,"showFlares":true,"showImageEffects":true,"showParticleSystems":true,"showVisualEffectGraphs":true,"m_FxEnabled":true},"in2DMode":false,"pivot":{"x":-0.19629621505737306,"y":-1.9690757989883423,"z":-0.10388851165771485},"rotation":{"x":0.1673714518547058,"y":0.09154487401247025,"z":-0.015609943307936192,"w":0.9815139174461365},"size":5.156465530395508,"orthographic":false}