{"cameraMode":{"drawMode":0,"name":"Shaded","section":"Shading Mode"},"sceneLighting":false,"audioPlay":false,"sceneViewState":{"m_AlwaysRefresh":false,"showFog":true,"showSkybox":false,"showFlares":true,"showImageEffects":true,"showParticleSystems":true,"showVisualEffectGraphs":true,"m_FxEnabled":true},"in2DMode":false,"pivot":{"x":1.8733351230621338,"y":0.47178900241851809,"z":-0.10634970664978028},"rotation":{"x":0.21988825500011445,"y":0.6669704914093018,"z":-0.21622586250305177,"w":0.6782679557800293},"size":2.5473108291625978,"orthographic":true}